                  epoch,         train/box_loss,         train/cls_loss,         train/dfl_loss,   metrics/precision(B),      metrics/recall(B),       metrics/mAP50(B),    metrics/mAP50-95(B),           val/box_loss,           val/cls_loss,           val/dfl_loss,                 lr/pg0,                 lr/pg1,                 lr/pg2
                      1,                 4.8007,                 4.5625,                  1.961,                      0,                      0,                      0,                      0,                 3.8899,                 4.4115,                 1.5281,              6.666e-05,              6.666e-05,              6.666e-05
                      2,                 3.6376,                 4.3155,                 1.3903,                      0,                      0,                      0,                      0,                 2.6592,                 4.3075,                 1.0696,             0.00011583,             0.00011583,             0.00011583
                      3,                 2.9066,                 3.9358,                 1.1382,                 0.0027,                0.00104,                0.00136,                0.00039,                 2.2309,                 4.1961,                0.97825,             0.00013421,             0.00013421,             0.00013421
                      4,                 2.8817,                 3.6098,                 1.0831,                0.02163,                0.02104,                0.01214,                0.00361,                 2.1128,                 4.1068,                0.95281,             0.00012179,             0.00012179,             0.00012179
                      5,                 2.6322,                 3.4227,                 1.0232,                0.02599,                 0.0363,                0.01888,                0.00619,                 2.0248,                 3.9616,                0.94251,              7.857e-05,              7.857e-05,              7.857e-05
